{
  "providers": {
    "awscloudformation": {
      "AuthRoleName": "amplify-arkiv-main-155516-authRole",
      "UnauthRoleArn": "arn:aws:iam::806336907277:role/amplify-arkiv-main-155516-unauthRole",
      "AuthRoleArn": "arn:aws:iam::806336907277:role/amplify-arkiv-main-155516-authRole",
      "Region": "us-east-1",
      "DeploymentBucketName": "amplify-arkiv-main-155516-deployment",
      "UnauthRoleName": "amplify-arkiv-main-155516-unauthRole",
      "StackName": "amplify-arkiv-main-155516",
      "StackId": "arn:aws:cloudformation:us-east-1:806336907277:stack/amplify-arkiv-main-155516/25b4de10-b908-11ec-a214-0e8b7ae2e23d",
      "AmplifyAppId": "d23vlneqof4qjp"
    }
  }
}